objection_id,audience_type,response_text,key_evidence,recommended_tone
,organizer,"People are right that you cannot promise a fully free system without paying for it. The move is to connect fare-free access to the same fight already underway to stop service cuts: stable revenue first, broader free access second. That frames free Muni as part of protecting mobility, not a side project.","SFMTA projects a $307M structural deficit in July 2026 and is already pursuing ballot revenue, efficiencies, and bridge financing.","values-forward, candid about tradeoffs"
,staffer,"Do not argue that fares are fiscally irrelevant. Instead, say that fare policy is downstream of an operating-funding plan. The immediate analytical question is whether a recurring source can replace forgone fare revenue without worsening service reliability.","Official SFMTA/SFCTA materials describe a three-part budget strategy: ballot revenue, efficiencies/new enterprise revenue, and one-time bridge money.","technical, specific, non-ideological"
,official,"The safe position is: no one should support broader free-fare policy unless it is paired with a credible operating-funding path. But if a revenue package is already moving, expanding free access can be presented as a visible rider benefit rather than an unfunded mandate.",Regional measure (~$155M/year for Muni) and local parcel tax (~$150M/year plus ~ $10M for improvements) are being advanced as deficit solutions.,"brief, fiscally serious, politically defensive"
,organizer,Agree with the rider instinct: people need buses that show up. Then make the bridge - protecting service and reducing the cost barrier are both part of transit justice. Do not let opponents force a false choice between reliability and affordability.,SFMTA community feedback emphasized protecting service and avoiding further cuts.,"empathetic, solidarity-based"
,staffer,"Sequence matters. A fare-free proposal is most defensible when tied to service-protection commitments, not when presented as a substitute for reliability work. Staff should evaluate phased eligibility or pilot design if capacity risk is material.",Official materials consistently prioritize maintaining current service levels while exploring funding options.,"sequencing-focused, pragmatic"
,official,You can say: 'I won't support access expansion that undermines reliability. Any fare proposal must protect core service first.' That position allows you to remain open to future expansion without appearing detached from current rider frustration.,Budget outreach shows service cuts are politically toxic and central to public concern.,"measured, rider-centered"
,organizer,"Crowding is a management problem, not an argument for pricing people out of transit. The answer is to phase the policy and pair it with frequency improvements where demand is strongest.",Evidence from fare-free systems shows variable ridership effects; phasing is a realistic mitigation strategy.,assertive but solution-oriented
,staffer,"Treat crowding as an implementation issue. Model likely demand increases, identify peak corridors, and tie any fare-free expansion to monitoring triggers or service add-backs where feasible.",Tallinn and other case studies suggest ridership effects are real but not uniform across the network.,"operational, evidence-led"
,official,A politically durable answer is that access expansion should be phased and evaluated. That avoids promising a systemwide change without a capacity plan.,Phased rollout can target benefits while limiting peak-hour risk.,"risk-managed, incremental"
,organizer,"Universal access is easier to use and easier to defend morally. When programs require applications, paperwork, and proof, a lot of people who need the benefit never get it.","San Francisco's youth program is universal for all riders 18 and under, regardless of income or residency.","values-driven, anti-stigma"
,staffer,"Targeting is cheaper; universality is administratively simpler and usually increases take-up. The staff question is not which frame sounds better, but what the city can afford while minimizing enrollment friction.",Youth Free Muni demonstrates San Francisco has already accepted a universal design for one large rider group.,"balanced, comparative"
,official,"You can distinguish between long-term aspiration and near-term design. A targeted expansion may be the fiscally realistic first move, while universal access remains the broader north star.",The city already operates both universal (youth) and means-tested (seniors) free-fare models.,"moderate, bridge-building"
,organizer,"Enforcement and fare collection are not free, and they often fall hardest on riders with the least cushion. Expanding free access reduces that friction and changes the culture of the system.",Zero-fare rationales in Kansas City explicitly included reducing fare disputes and operational friction.,"justice-oriented, direct"
,staffer,"The right comparison is net revenue, not gross farebox totals. Consider collection costs, enforcement costs, boarding impacts, and equity effects before assuming stricter enforcement is the better financial answer.",KC zero-fare analysis cites efficiency and fewer fare disputes as program goals.,"analytical, corrective"
,official,"If the proposal is targeted, you can say it simplifies enforcement for the covered group. If the proposal is systemwide, you can say it removes payment disputes entirely - but only if replacement revenue is identified first.",Free-fare subprograms already simplify payment expectations for youth and qualifying seniors in San Francisco.,"careful, conditional"
,organizer,"Yes - operations matter. That's why free Muni should be argued as one piece of a bigger rider agenda: service, speed, safety, and affordability together.","SFMTA's own planning emphasizes efficiencies, service protection, and new revenue in parallel.","coalition-building, non-defensive"
,staffer,"Do not oversell fare policy as a ridership silver bullet. It is an affordability and simplicity intervention that should be paired with reliability work, transit-priority improvements, and staffing stability.","Official budget-planning materials link deficit closure to service protection, efficiencies, and system management, not fare policy alone.","precise, realistic"
,official,"A safe public line is: 'Fare policy can help access, but it does not replace service reform.' That positions you as pro-rider and fiscally grounded at the same time.",Operational constraints remain independent of whether the fare is collected.,"short, disciplined"
,organizer,"That backlash risk is real, which is why the campaign should anchor on essential mobility, not freebies. The message is that transit keeps the city running and that deeper cuts would hurt workers, youth, seniors, and small businesses first.","Official SFMTA and state materials frame transit as essential to jobs, school, healthcare, and regional recovery.","broad-coalition, urgency-driven"
,staffer,The strongest institutional design is to prioritize dedicated transit-linked revenues and use the general fund sparingly. That reduces interdepartmental conflict and makes the policy more legible to decision-makers.,"Current deficit strategy emphasizes regional/local transit measures plus agency self-help, not general-fund-only replacement.","institutional, tradeoff-aware"
,official,"Position the policy as transit stabilization plus targeted access gains, not as an open-ended new entitlement. If dedicated revenue is in place, the politics become substantially safer.",Regional and local transit measures are already being organized as the core long-term fiscal pathway.,"politically disciplined, coalition-minded"
